AverageShortestPathLength,BetweennessCentrality,Category,ClosenessCentrality,ClusteringCoefficient,Degree,Eccentricity,IsSingleNode,name,NeighborhoodConnectivity,Network_Degree,NumberOfDirectedEdges,NumberOfUndirectedEdges,PartnerOfMultiEdgedNodePairs,Pathway_ID,Radiality,SelfLoops,shared name,Stress,TopologicalCoefficient
1.225,0.5653846153846154,Pathway,0.8163265306122448,0.0,35,3,False,LPS biosynthesis,1.8,35,0,35,0,LPSSYN-PWY,0.9935714285714284,0,LPS biosynthesis,3150,0.8
1.375,0.4346153846153846,Pathway,0.7272727272727273,0.0,32,3,False,Peptidoglycan biosynthesis,1.875,32,0,32,0,PEPTIDOGLYCANSYN-PWY,0.9892857142857144,0,Peptidoglycan biosynthesis,2784,0.875
1.95,0.0018315018315018,Microbe,0.5128205128205129,0.0,2,2,False,Escherichia-Shigella,33.5,2,0,2,0,,0.9728571428571428,0,Escherichia-Shigella,80,0.8552631578947368
1.95,0.0018315018315018,Microbe,0.5128205128205129,0.0,2,2,False,Sutterella,33.5,2,0,2,0,,0.9728571428571428,0,Sutterella,80,0.8552631578947368
1.95,0.0018315018315018,Candidate biomarker,0.5128205128205129,0.0,2,2,False,Bifidobacterium,33.5,2,0,2,0,,0.9728571428571428,0,Bifidobacterium,80,0.8552631578947368
1.95,0.0018315018315018,Microbe,0.5128205128205129,0.0,2,2,False,[Ruminococcus] gnavus group,33.5,2,0,2,0,,0.9728571428571428,0,[Ruminococcus] gnavus group,80,0.8552631578947368
1.95,0.0018315018315018,Microbe,0.5128205128205129,0.0,2,2,False,Roseburia,33.5,2,0,2,0,,0.9728571428571428,0,Roseburia,80,0.8552631578947368
1.95,0.0018315018315018,Microbe,0.5128205128205129,0.0,2,2,False,ASF356,33.5,2,0,2,0,,0.9728571428571428,0,ASF356,80,0.8552631578947368
1.95,0.0018315018315018,Microbe,0.5128205128205129,0.0,2,2,False,Fusicatenibacter,33.5,2,0,2,0,,0.9728571428571428,0,Fusicatenibacter,80,0.8552631578947368
1.95,0.0018315018315018,Microbe,0.5128205128205129,0.0,2,2,False,Enterocloster,33.5,2,0,2,0,,0.9728571428571428,0,Enterocloster,80,0.8552631578947368
1.95,0.0018315018315018,Microbe,0.5128205128205129,0.0,2,2,False,Bacteroides,33.5,2,0,2,0,,0.9728571428571428,0,Bacteroides,80,0.8552631578947368
1.95,0.0018315018315018,Microbe,0.5128205128205129,0.0,2,2,False,Monoglobus,33.5,2,0,2,0,,0.9728571428571428,0,Monoglobus,80,0.8552631578947368
1.95,0.0018315018315018,Microbe,0.5128205128205129,0.0,2,2,False,Faecalicatena,33.5,2,0,2,0,,0.9728571428571428,0,Faecalicatena,80,0.8552631578947368
1.95,0.0018315018315018,Microbe,0.5128205128205129,0.0,2,2,False,Veillonella,33.5,2,0,2,0,,0.9728571428571428,0,Veillonella,80,0.8552631578947368
1.95,0.0018315018315018,Microbe,0.5128205128205129,0.0,2,2,False,Colidextribacter,33.5,2,0,2,0,,0.9728571428571428,0,Colidextribacter,80,0.8552631578947368
1.95,0.0018315018315018,Microbe,0.5128205128205129,0.0,2,2,False,Phocea,33.5,2,0,2,0,,0.9728571428571428,0,Phocea,80,0.8552631578947368
1.95,0.0018315018315018,Microbe,0.5128205128205129,0.0,2,2,False,Pseudobutyrivibrio,33.5,2,0,2,0,,0.9728571428571428,0,Pseudobutyrivibrio,80,0.8552631578947368
1.95,0.0018315018315018,Candidate biomarker,0.5128205128205129,0.0,2,2,False,Flavonifractor,33.5,2,0,2,0,,0.9728571428571428,0,Flavonifractor,80,0.8552631578947368
1.95,0.0018315018315018,Microbe,0.5128205128205129,0.0,2,2,False,Dorea,33.5,2,0,2,0,,0.9728571428571428,0,Dorea,80,0.8552631578947368
1.95,0.0018315018315018,Microbe,0.5128205128205129,0.0,2,2,False,Oscillospira,33.5,2,0,2,0,,0.9728571428571428,0,Oscillospira,80,0.8552631578947368
1.95,0.0018315018315018,Microbe,0.5128205128205129,0.0,2,2,False,[Clostridium] innocuum group,33.5,2,0,2,0,,0.9728571428571428,0,[Clostridium] innocuum group,80,0.8552631578947368
1.95,0.0018315018315018,Microbe,0.5128205128205129,0.0,2,2,False,DTU089,33.5,2,0,2,0,,0.9728571428571428,0,DTU089,80,0.8552631578947368
1.95,0.0018315018315018,Microbe,0.5128205128205129,0.0,2,2,False,Anaerostipes,33.5,2,0,2,0,,0.9728571428571428,0,Anaerostipes,80,0.8552631578947368
1.95,0.0018315018315018,Microbe,0.5128205128205129,0.0,2,2,False,Paeniclostridium,33.5,2,0,2,0,,0.9728571428571428,0,Paeniclostridium,80,0.8552631578947368
1.95,0.0018315018315018,Microbe,0.5128205128205129,0.0,2,2,False,Lachnospira,33.5,2,0,2,0,,0.9728571428571428,0,Lachnospira,80,0.8552631578947368
1.95,0.0018315018315018,Microbe,0.5128205128205129,0.0,2,2,False,Holdemania,33.5,2,0,2,0,,0.9728571428571428,0,Holdemania,80,0.8552631578947368
1.95,0.0018315018315018,Microbe,0.5128205128205129,0.0,2,2,False,Haemophilus,33.5,2,0,2,0,,0.9728571428571428,0,Haemophilus,80,0.8552631578947368
1.95,0.0018315018315018,Microbe,0.5128205128205129,0.0,2,2,False,[Eubacterium] eligens group,33.5,2,0,2,0,,0.9728571428571428,0,[Eubacterium] eligens group,80,0.8552631578947368
1.95,0.0018315018315018,Candidate biomarker,0.5128205128205129,0.0,2,2,False,Sellimonas,33.5,2,0,2,0,,0.9728571428571428,0,Sellimonas,80,0.8552631578947368
1.95,0.0018315018315018,Microbe,0.5128205128205129,0.0,2,2,False,Lachnospiraceae UCG-010,33.5,2,0,2,0,,0.9728571428571428,0,Lachnospiraceae UCG-010,80,0.8552631578947368
2.2,0.0,Microbe,0.4545454545454545,0.0,1,4,False,Anaerotignum,35.0,1,0,1,0,,0.9657142857142856,0,Anaerotignum,0,0.0
2.2,0.0,Microbe,0.4545454545454545,0.0,1,4,False,Eggerthella,35.0,1,0,1,0,,0.9657142857142856,0,Eggerthella,0,0.0
2.2,0.0,Microbe,0.4545454545454545,0.0,1,4,False,Faecalibacterium,35.0,1,0,1,0,,0.9657142857142856,0,Faecalibacterium,0,0.0
2.2,0.0,Microbe,0.4545454545454545,0.0,1,4,False,Klebsiella,35.0,1,0,1,0,,0.9657142857142856,0,Klebsiella,0,0.0
2.2,0.0,Microbe,0.4545454545454545,0.0,1,4,False,Massiliprevotella,35.0,1,0,1,0,,0.9657142857142856,0,Massiliprevotella,0,0.0
2.2,0.0,Microbe,0.4545454545454545,0.0,1,4,False,Raoultibacter,35.0,1,0,1,0,,0.9657142857142856,0,Raoultibacter,0,0.0
2.2,0.0,Microbe,0.4545454545454545,0.0,1,4,False,[Eubacterium] ventriosum group,35.0,1,0,1,0,,0.9657142857142856,0,[Eubacterium] ventriosum group,0,0.0
2.35,0.0,Microbe,0.425531914893617,0.0,1,4,False,Coriobacteriaceae UCG-003,32.0,1,0,1,0,,0.9614285714285714,0,Coriobacteriaceae UCG-003,0,0.0
2.35,0.0,Microbe,0.425531914893617,0.0,1,4,False,Dialister,32.0,1,0,1,0,,0.9614285714285714,0,Dialister,0,0.0
2.35,0.0,Microbe,0.425531914893617,0.0,1,4,False,Lachnospiraceae UCG-003,32.0,1,0,1,0,,0.9614285714285714,0,Lachnospiraceae UCG-003,0,0.0
2.35,0.0,Microbe,0.425531914893617,0.0,1,4,False,Thomasclavelia,32.0,1,0,1,0,,0.9614285714285714,0,Thomasclavelia,0,0.0
