Genus,baseMean,log2FoldChange,lfcSE,stat,pvalue,padj
ASF356,18.77280114,-6.460345542,1.219337778,-5.298241108,1.17e-07,8.12e-07
Acidaminococcus,194.3847187,-24.95474715,2.342705569,-10.65210562,1.7e-26,1.0099999999999999e-24
Anaerostipes,347.9520517,-3.768466641,1.528585161,-2.465329861,0.013688717,0.038856006
Anaerotignum,101.578841,-8.878926878,1.604273567,-5.534546638,3.12e-08,2.63e-07
Bacteroides,9212.677024,-4.336166483,1.783234679,-2.431629743,0.015031064,0.04031058
Bifidobacterium,2195.095752,-4.481722551,1.677909594,-2.671015511,0.007562215,0.024117335
CAG-352,392.3120923,-6.95858759,2.877599948,-2.41819145,0.015597868,0.040369733
Colidextribacter,210.4157282,-5.389579872,1.462655561,-3.68479088,0.00022889,0.001080363
Coprobacter,98.5806056,-5.866834332,2.147915898,-2.731407844,0.006306438,0.020671101
Coprococcus,7.351817736,22.60275195,2.956099479,7.646140501,2.07e-14,2.72e-13
Coriobacteriaceae UCG-003,17.59034247,-6.334654319,2.410291565,-2.628169309,0.008584578,0.026657373
DTU089,9.408689105,-3.369180656,1.308215764,-2.575401358,0.010012383,0.029536529
Dialister,315.9421926,-26.67262049,2.361407489,-11.29522144,1.39e-29,1.6300000000000002e-27
Dorea,389.945096,-10.82338783,1.490485781,-7.261651182,3.82e-13,3.47e-12
Eggerthella,17.01050334,-5.257136614,1.816196501,-2.894585807,0.003796591,0.013176405
Enterocloster,200.8837697,-3.480889404,1.475818934,-2.358615494,0.018343251,0.046053268
Escherichia-Shigella,161.6750525,-9.561368833,1.308559615,-7.306788873,2.74e-13,2.69e-12
Faecalibacterium,3773.739735,-4.106348628,1.7715486,-2.317942972,0.020452421,0.049252768
Faecalicatena,197.4381598,-9.855326824,1.205961143,-8.172176095,3.03e-16,5.11e-15
Flavonifractor,176.7017682,-5.803911867,1.438985147,-4.033336882,5.5e-05,0.000282124
Fusicatenibacter,780.4711333,-4.182074313,1.731743372,-2.41495038,0.015737353,0.040369733
Haemophilus,13.89959918,-6.00333932,1.846215086,-3.251700934,0.001147167,0.004667781
Holdemania,12.99629138,-4.946990534,1.339533583,-3.693069436,0.000221563,0.001080363
Klebsiella,17.44358429,-6.327848102,2.011259089,-3.146212309,0.001653999,0.006505729
Lachnospira,630.0304046,-4.565495268,1.856838821,-2.458746131,0.013942317,0.038856006
Lachnospiraceae UCG-003,168.9493582,-9.602137475,2.088388809,-4.597868669,4.27e-06,2.52e-05
Lachnospiraceae UCG-010,20.77789013,-3.462970237,1.411616908,-2.453194076,0.014159392,0.038856006
Ligilactobacillus,2205.63691,-8.572637514,2.772390525,-3.092146448,0.001987148,0.007563982
Macellibacteroides,43.10339578,-23.9529295,2.508722762,-9.547858325,1.32e-21,3.91e-20
Massiliprevotella,143.2419111,-25.59254155,2.600729428,-9.840524462,7.529999999999999e-23,2.9600000000000004e-21
Monoglobus,249.1678729,-4.910829799,1.376838427,-3.56674371,0.000361445,0.001640403
Oscillospira,87.21664248,-5.987251949,1.374204552,-4.356885546,1.32e-05,7.41e-05
Paeniclostridium,43.71426727,-7.664911213,1.524852663,-5.026656935,4.99e-07,3.27e-06
Paludicola,14.91527234,-6.098071365,2.220815098,-2.745870816,0.006035052,0.020346748
Phocea,16.84995834,-5.367051269,1.606853,-3.340100974,0.000837479,0.003529377
Pseudobutyrivibrio,1309.569889,-12.57685551,1.355529863,-9.278184014,1.72e-20,4.07e-19
Raoultibacter,15.06589287,-6.117086304,1.988853702,-3.0756844,0.0021002,0.007744488
Roseburia,3392.184118,-5.702805792,1.621913493,-3.516097386,0.00043794,0.001913961
Segatella,29.49209961,24.53609379,2.951686657,8.312567236,9.37e-17,1.84e-15
Sellimonas,60.099466,-8.120742901,1.636480379,-4.962322192,6.97e-07,4.33e-06
Subdoligranulum,14.4774257,23.54439824,2.953214221,7.972465416,1.56e-15,2.29e-14
Sutterella,642.7392674,-9.761589554,1.293239919,-7.548165976,4.41e-14,5.21e-13
Thomasclavelia,6.983101089,-5.009133359,1.943870767,-2.576885997,0.009969483,0.029536529
Unclassified,120721.1149,5.230432695,0.704774954,7.42142249,1.16e-13,1.24e-12
Veillonella,231.9541802,-4.017182399,1.711075474,-2.347752896,0.018887047,0.046430656
[Clostridium] innocuum group,57.97278739,-7.223668834,1.316247425,-5.488078225,4.06e-08,3e-07
[Eubacterium] eligens group,1178.004796,-6.991976259,1.651168269,-4.234563121,2.29e-05,0.000122825
[Eubacterium] ventriosum group,313.2431252,-4.469731502,1.511821667,-2.956520335,0.003111317,0.011125316
[Ruminococcus] gnavus group,433.0101437,-7.134570922,1.295434791,-5.507472063,3.64e-08,2.86e-07
