Genus,Pathway,Rho,Pvalue,FDR
ASF356,LPSSYN-PWY,0.8217908599975133,2.7318790860103027e-06,6.602041124524898e-05
ASF356,PEPTIDOGLYCANSYN-PWY,-0.6896536687930926,0.00038379764435299583,0.004637554869265366
Acetanaerobacterium,LPSSYN-PWY,0.5947628285895498,0.003505742738638406,0.012103159454823069
Acetanaerobacterium,PEPTIDOGLYCANSYN-PWY,-0.5462412884505583,0.008535355751960334,0.03536075954383567
Acinetobacter,LPSSYN-PWY,0.6871556216390147,0.00041098010068431817,0.0016712918742892479
Acutalibacter,LPSSYN-PWY,0.5907840543915593,0.0037906803474837547,0.012492014781480555
Agathobaculum,LPSSYN-PWY,0.7031681312664608,0.00026195341533853374,0.0013285330260481435
Agathobaculum,PEPTIDOGLYCANSYN-PWY,-0.6169779488976177,0.00222364399324369,0.014018625174797177
Akkermansia,LPSSYN-PWY,0.519382792108233,0.013241709204166063,0.03490996062916508
Alistipes,LPSSYN-PWY,0.5162284104012771,0.013911453801198998,0.036020728592390264
Anaerobutyricum,LPSSYN-PWY,0.5296971156190603,0.011232674747269062,0.030730902610453095
Anaerostipes,LPSSYN-PWY,0.6976410455185149,0.00030699285771442153,0.0014359343344706812
Anaerostipes,PEPTIDOGLYCANSYN-PWY,-0.7011910528229797,0.0002773607532126462,0.0036561190196212454
Anaerotignum,LPSSYN-PWY,0.8162529118071741,3.620080702765314e-06,7.498738598585295e-05
Asaccharobacter,LPSSYN-PWY,0.675280199252802,0.0005640322896759039,0.0021522284737633176
Bacteroides,LPSSYN-PWY,0.8063403985614525,5.85838966732583e-06,7.949066305524572e-05
Bacteroides,PEPTIDOGLYCANSYN-PWY,-0.7772167716444872,2.0870005412078214e-05,0.0015130753923756706
Barnesiella,LPSSYN-PWY,0.5934892854344017,0.003594923893428579,0.012122417780166138
Bifidobacterium,LPSSYN-PWY,0.8560841702929664,3.7462860675191145e-07,1.8107049326342386e-05
Bifidobacterium,PEPTIDOGLYCANSYN-PWY,-0.6848162826152705,0.0004379198514671418,0.004884490650979659
Blautia,LPSSYN-PWY,0.7148364234010135,0.00018520360236618782,0.0010328662439652782
Candidatus Soleaferrea,LPSSYN-PWY,0.5306558552702711,0.011059367003094171,0.030730902610453095
Christensenellaceae R-7 group,LPSSYN-PWY,0.5650759875054902,0.0061382180166868515,0.018937055583395604
Colidextribacter,LPSSYN-PWY,0.7630759651307596,3.62236135939775e-05,0.00030896611594863165
Colidextribacter,PEPTIDOGLYCANSYN-PWY,-0.6403858164709698,0.0013253570704475056,0.010676487511938238
Collinsella,LPSSYN-PWY,0.7639660744938667,3.5026752132071746e-05,0.00030896611594863165
Coprobacillus,LPSSYN-PWY,0.5095125702164728,0.01542933785656824,0.0385733446414206
Coriobacteriaceae UCG-003,PEPTIDOGLYCANSYN-PWY,-0.6482113158200065,0.0011043071327353708,0.009419090249801691
DTU089,LPSSYN-PWY,0.7008094645080946,0.00028042272919194007,0.0013553765244277104
DTU089,PEPTIDOGLYCANSYN-PWY,-0.5597446395820329,0.006751573026070496,0.02879347319941829
Dialister,PEPTIDOGLYCANSYN-PWY,-0.7316431266812101,0.0001090415040417156,0.0027338905232562887
Dorea,LPSSYN-PWY,0.7323633585243157,0.00010650280351972964,0.0006714307178417739
Dorea,PEPTIDOGLYCANSYN-PWY,-0.7929913703315401,1.074931388679942e-05,0.0015130753923756706
Eggerthella,LPSSYN-PWY,0.5780959905138013,0.00483201583074437,0.015231354249085515
Enterocloster,LPSSYN-PWY,0.8069545192001132,5.6907788115630034e-06,7.949066305524572e-05
Enterocloster,PEPTIDOGLYCANSYN-PWY,-0.662593380190522,0.000779147979432557,0.007061028563607547
Enteroscipio,LPSSYN-PWY,0.5489440625352437,0.008150289988314938,0.02462066767303471
Escherichia-Shigella,LPSSYN-PWY,0.9003583747544074,1.1477329458118621e-08,1.6642127714272002e-06
Escherichia-Shigella,PEPTIDOGLYCANSYN-PWY,-0.6703457795530412,0.0006407036138513234,0.006193468267229459
Faecalibacterium,LPSSYN-PWY,0.7529119029979747,5.2641459541342675e-05,0.0004017374543944572
Faecalicatena,LPSSYN-PWY,0.8027825902982648,6.917592354550877e-06,8.358757428415644e-05
Faecalicatena,PEPTIDOGLYCANSYN-PWY,-0.6027681672128605,0.0029865673940271996,0.017322090885357758
Flavonifractor,LPSSYN-PWY,0.7325653798256537,0.0001057999905369356,0.0006714307178417739
Flavonifractor,PEPTIDOGLYCANSYN-PWY,-0.7139115953991183,0.00019047867205004046,0.002811965912778098
Fusicatenibacter,LPSSYN-PWY,0.8122665006226649,4.40808572923629e-06,7.949066305524572e-05
Fusicatenibacter,PEPTIDOGLYCANSYN-PWY,-0.6225973215689985,0.001971164996028966,0.012991769292009096
Gemella,LPSSYN-PWY,0.5413798776301588,0.00926566438563014,0.02741880277380348
Haemophilus,LPSSYN-PWY,0.6857952033389818,0.0004264675817151874,0.0016712918742892479
Haemophilus,PEPTIDOGLYCANSYN-PWY,-0.7519771824686534,5.4434435836303104e-05,0.0026309977320879835
Holdemania,LPSSYN-PWY,0.685865504358655,0.00042565513829386387,0.0016712918742892479
Holdemania,PEPTIDOGLYCANSYN-PWY,-0.7133186455690526,0.0001939286836398688,0.002811965912778098
Hungatella,LPSSYN-PWY,0.6632470685181358,0.000766563384745701,0.002850043353541709
Hungatella,PEPTIDOGLYCANSYN-PWY,-0.5885175043965998,0.003961489567342291,0.020514856688022578
Klebsiella,LPSSYN-PWY,0.7866142063050123,1.4149037482673405e-05,0.00015781618730674183
Lachnospira,LPSSYN-PWY,0.6900001900827232,0.00038015198227506593,0.0016703647706025624
Lachnospira,PEPTIDOGLYCANSYN-PWY,-0.5629456456552541,0.006377511653370218,0.028743051775757294
Lachnospiraceae UCG-003,PEPTIDOGLYCANSYN-PWY,-0.7149329765324095,0.00018466023427035844,0.002811965912778098
Lachnospiraceae UCG-010,LPSSYN-PWY,0.5252179327521793,0.012072065455596763,0.03241573131595427
Lachnospiraceae UCG-010,PEPTIDOGLYCANSYN-PWY,-0.56152348907223,0.006541522128275798,0.028743051775757294
Massiliprevotella,LPSSYN-PWY,0.6290178957189101,0.0017127696673011363,0.006057356140455238
Megamonas,LPSSYN-PWY,0.5303370473599702,0.011116752060438917,0.030730902610453095
Monoglobus,LPSSYN-PWY,0.805726277922792,6.030326162811744e-06,7.949066305524572e-05
Monoglobus,PEPTIDOGLYCANSYN-PWY,-0.6310134662185114,0.0016385545960488314,0.011437931654764427
Oscillospira,LPSSYN-PWY,0.7257160647571607,0.0001320060624350066,0.0007656351621230383
Oscillospira,PEPTIDOGLYCANSYN-PWY,-0.5289112484186158,0.011376384817030846,0.04582154995748535
Paeniclostridium,LPSSYN-PWY,0.6928636548373279,0.000351149176953972,0.0015911447080726856
Paeniclostridium,PEPTIDOGLYCANSYN-PWY,-0.5999849170548899,0.003159198710862965,0.017561523885370696
Peptococcus,LPSSYN-PWY,0.5334415445268724,0.010568188773246558,0.030647747442415017
Phocea,LPSSYN-PWY,0.7553508909978907,4.820317292241075e-05,0.00038830333743053105
Phocea,PEPTIDOGLYCANSYN-PWY,-0.5697698492895358,0.005637173807690948,0.027246340070506248
Pseudobutyrivibrio,LPSSYN-PWY,0.7368872553408696,9.16985991922997e-05,0.0006331569944230217
Pseudobutyrivibrio,PEPTIDOGLYCANSYN-PWY,-0.6305232579954346,0.001656528032758986,0.011437931654764427
Raoultibacter,LPSSYN-PWY,0.7048694300800611,0.00024929196250080975,0.0013285330260481435
Roseburia,LPSSYN-PWY,0.8235357764439512,2.495042787958874e-06,6.602041124524898e-05
Roseburia,PEPTIDOGLYCANSYN-PWY,-0.5982639258030927,0.0032700768614138537,0.017561523885370696
Ruminococcus,LPSSYN-PWY,0.7369447663927974,9.152254793958811e-05,0.0006331569944230217
Sellimonas,LPSSYN-PWY,0.5887398752643431,0.003944451735780716,0.01270990003751564
Sellimonas,PEPTIDOGLYCANSYN-PWY,-0.6315952119304737,0.0016174396126005276,0.011437931654764427
Streptococcus,LPSSYN-PWY,0.7787049698217227,1.9648493166601786e-05,0.00020350225065408992
Streptococcus,PEPTIDOGLYCANSYN-PWY,-0.5643447589442664,0.006219499936936126,0.028743051775757294
Sutterella,LPSSYN-PWY,0.8617683686176837,2.5664099712937276e-07,1.8107049326342386e-05
Sutterella,PEPTIDOGLYCANSYN-PWY,-0.7388154882618782,8.595375468049906e-05,0.0027338905232562887
Thomasclavelia,PEPTIDOGLYCANSYN-PWY,-0.6794253215374858,0.0005058397718676412,0.005239054780057713
Veillonella,LPSSYN-PWY,0.7639660744938667,3.5026752132071746e-05,0.00030896611594863165
Veillonella,PEPTIDOGLYCANSYN-PWY,-0.6041120580201318,0.0029060937055972198,0.017322090885357758
Weissella,LPSSYN-PWY,0.6862258846252477,0.0004215112050870451,0.0016712918742892479
[Clostridium] innocuum group,LPSSYN-PWY,0.7026774595267746,0.0002657066052096287,0.0013285330260481435
[Clostridium] innocuum group,PEPTIDOGLYCANSYN-PWY,-0.7305141906409581,0.00011312650441060505,0.0027338905232562887
[Eubacterium] brachy group,LPSSYN-PWY,0.4921629568596204,0.019979925364740754,0.04910320640487135
[Eubacterium] eligens group,LPSSYN-PWY,0.6348069738480697,0.0015049698749760394,0.005455515796788143
[Eubacterium] eligens group,PEPTIDOGLYCANSYN-PWY,-0.7222128930200382,0.00014746107054712952,0.002811965912778098
[Eubacterium] siraeum group,LPSSYN-PWY,0.5128177277616562,0.014666363304870964,0.03730916981063666
[Eubacterium] ventriosum group,LPSSYN-PWY,0.7283470774515481,0.00012134140618377931,0.000733104329027
[Ruminococcus] gnavus group,LPSSYN-PWY,0.838274671771807,1.1129626339434842e-06,4.0344895480451305e-05
[Ruminococcus] gnavus group,PEPTIDOGLYCANSYN-PWY,-0.5713625176047132,0.005475091893802824,0.027246340070506248
